KIT Description,Insight Category,Search Term 1,Search Term 2
NA,NA,"Isavuconazole, Cresemba",NA
Awareness & diagnosis of invasive fungal infections (IFI),Diagnosis,Galactomannan/GM,NA
Awareness & diagnosis of invasive fungal infections (IFI),Diagnosis,Bronchoalveolar Lavage/BAL,NA
Awareness & diagnosis of invasive fungal infections (IFI),Diagnosis,Tracheal aspirate,NA
Awareness & diagnosis of invasive fungal infections (IFI),Diagnosis,Polymerase Chain Reaction,NA
Awareness & diagnosis of invasive fungal infections (IFI),Diagnosis,Diagnosis,NA
Awareness & diagnosis of invasive fungal infections (IFI),Diagnosis,Detection,NA
Awareness & diagnosis of invasive fungal infections (IFI),Diagnosis,Computer Tomography/CT,NA
Awareness & diagnosis of invasive fungal infections (IFI),Diagnosis,Lateral Flow Device/Lateral Flow Assay,NA
Awareness & diagnosis of invasive fungal infections (IFI),Diagnosis,Culture,NA
Awareness & diagnosis of invasive fungal infections (IFI),Diagnosis,Calcofluor white,NA
Awareness & diagnosis of invasive fungal infections (IFI),Diagnosis,Rapid,NA
Awareness & diagnosis of invasive fungal infections (IFI),Diagnosis,"Bronchoscopy, Endoscopy",NA
Awareness & diagnosis of invasive fungal infections (IFI),Diagnosis,ELISA,NA
Awareness & diagnosis of invasive fungal infections (IFI),Diagnosis,MALDI-TOF,NA
Awareness & diagnosis of invasive fungal infections (IFI),Diagnosis,Halo sign,NA
Awareness & diagnosis of invasive fungal infections (IFI),Diagnosis,"1,3-Beta-D-Glucan",NA
Awareness & diagnosis of invasive fungal infections (IFI),Diagnosis,Radiology,NA
Awareness & diagnosis of invasive fungal infections (IFI),Diagnosis,Serum,NA
Awareness & diagnosis of invasive fungal infections (IFI),Diagnosis,Fibroscopes,NA
"Isavuconazole Life Cycle:
Indications, Populations & Formulation",Combination Antifungal Therapy,"Combination, Addition, Plus, Plus sign","Isavuconazole, Cresemba"
"Isavuconazole Life Cycle:
Indications, Populations & Formulation",Use in approved indication,"Aspergillosis, Aspergillus, IA","Isavuconazole, Cresemba"
"Isavuconazole Life Cycle:
Indications, Populations & Formulation",Use in approved indication,"Mucormycosis, MM, IM, mucorales","Isavuconazole, Cresemba"
"Isavuconazole Life Cycle:
Indications, Populations & Formulation",Use in approved indication,"Isavuconazole, Cresemba","Isavuconazole, Cresemba"
"Isavuconazole Life Cycle:
Indications, Populations & Formulation",Use in approved indication,"Mold, IMD, IFD, IFI","Isavuconazole, Cresemba"
"Isavuconazole Life Cycle:
Indications, Populations & Formulation",Preferred Therapy,All other azoles,"Isavuconazole, Cresemba"
"Isavuconazole Life Cycle:
Indications, Populations & Formulation",Preferred Therapy,"Amphotericin B, Liposomal AmpB","Isavuconazole, Cresemba"
"Isavuconazole Life Cycle:
Indications, Populations & Formulation",Preferred Therapy,Echinocandins,"Isavuconazole, Cresemba"
"Isavuconazole Life Cycle:
Indications, Populations & Formulation",Patient Profile,COVID-19,"Isavuconazole, Cresemba"
"Isavuconazole Life Cycle:
Indications, Populations & Formulation",Patient Profile,ECMO,"Isavuconazole, Cresemba"
"Isavuconazole Life Cycle:
Indications, Populations & Formulation",Patient Profile,"Hematology, Haematology, Oncology","Isavuconazole, Cresemba"
"Isavuconazole Life Cycle:
Indications, Populations & Formulation",Patient Profile,"Renal, kidney","Isavuconazole, Cresemba"
"Isavuconazole Life Cycle:
Indications, Populations & Formulation",Patient Profile,"Hepatic, liver","Isavuconazole, Cresemba"
"Isavuconazole Life Cycle:
Indications, Populations & Formulation",Patient Profile,"Graft-vs-Host, GvHD, transplant, SOT, solid organ transplant","Isavuconazole, Cresemba"
"Isavuconazole Life Cycle:
Indications, Populations & Formulation",Patient Profile,"Cystic Fibrosis, CF","Isavuconazole, Cresemba"
"Isavuconazole Life Cycle:
Indications, Populations & Formulation",Use in other/new indication,Chronic aspergillosis,"Isavuconazole, Cresemba"
"Isavuconazole Life Cycle:
Indications, Populations & Formulation",Use in other/new indication,CNS aspergillosis,"Isavuconazole, Cresemba"
"Isavuconazole Life Cycle:
Indications, Populations & Formulation",Use in other/new indication,"Prophylaxis, prevention","Isavuconazole, Cresemba"
"Isavuconazole Life Cycle:
Indications, Populations & Formulation",Use in other/new indication,Rare fungal diseases,"Isavuconazole, Cresemba"
"Isavuconazole Life Cycle:
Indications, Populations & Formulation",Use in other/new indication,"S.capitata, Scedosporium, Rhizopus, Cryptococcal meningitis","Isavuconazole, Cresemba"
"Isavuconazole Life Cycle:
Indications, Populations & Formulation",Use in other/new indication,"Paediatric, Pediatric, Children","Isavuconazole, Cresemba"
"Isavuconazole Life Cycle:
Indications, Populations & Formulation",Use in other/new indication,Candida,"Isavuconazole, Cresemba"
"Isavuconazole Life Cycle:
Indications, Populations & Formulation",Use in other/new indication,Fusarium,"Isavuconazole, Cresemba"
"Isavuconazole Life Cycle:
Indications, Populations & Formulation",Use in other/new indication,Human cytomegalovirus (HCMV),"Isavuconazole, Cresemba"
"Isavuconazole Life Cycle:
Indications, Populations & Formulation",Use in other/new indication,Trichosporon spp,"Isavuconazole, Cresemba"
"Isavuconazole Life Cycle:
Indications, Populations & Formulation",Formulation,"Intravenous, Infusion","Isavuconazole, Cresemba"
"Isavuconazole Life Cycle:
Indications, Populations & Formulation",Formulation,Oral,"Isavuconazole, Cresemba"
"Isavuconazole Life Cycle:
Indications, Populations & Formulation",Formulation,In-line Filter,"Isavuconazole, Cresemba"
"Isavuconazole Life Cycle:
Indications, Populations & Formulation",Formulation,Switch,"Isavuconazole, Cresemba"
"Isavuconazole Life Cycle:
Indications, Populations & Formulation",Formulation,Inhalation,"Isavuconazole, Cresemba"
"Isavuconazole Life Cycle:
Indications, Populations & Formulation",Formulation,Nebulizer,"Isavuconazole, Cresemba"
"Isavuconazole Life Cycle:
Indications, Populations & Formulation",Formulation,Nasogastric tubes,"Isavuconazole, Cresemba"
"Isavuconazole Life Cycle:
Indications, Populations & Formulation",Formulation,"Suspension, oral liquid formulation","Isavuconazole, Cresemba"
"Isavuconazole Life Cycle:
Indications, Populations & Formulation",Formulation,Enteral,"Isavuconazole, Cresemba"
Safety & PK of antifungals,Pharmacokinetics,Pharmacokinetics,NA
Safety & PK of antifungals,Pharmacokinetics,Loading,NA
Safety & PK of antifungals,Pharmacokinetics,Bioavailability,NA
Safety & PK of antifungals,Pharmacokinetics,Concentration,NA
Safety & PK of antifungals,Pharmacokinetics,Penetration,NA
Safety & PK of antifungals,Pharmacokinetics,"Interchangeable, switch",NA
Safety & PK of antifungals,Pharmacokinetics,"Blood brain barrier, brain",NA
Safety & PK of antifungals,Drug Drug Interactions,"DDIs, Drug-Drug Interactions",NA
Safety & PK of antifungals,Safety,QT interval,NA
Safety & PK of antifungals,Therapeutic Drug Monitoring,"Therapeutic Drug Monitoring, TDM",NA
Safety & PK of antifungals,Therapeutic Drug Monitoring,Levels,NA
Resistance & epidemiology of IFI,Epidemiology,"Aspergillosis, Aspergillus",NA
Resistance & epidemiology of IFI,Epidemiology,Mucormycosis,NA
Resistance & epidemiology of IFI,Epidemiology,COVID-19,NA
Resistance & epidemiology of IFI,Resistance,Resistance,NA
Resistance & epidemiology of IFI,Sensitivity and Susceptibility,"Sensitive, Susceptible",NA
Resistance & epidemiology of IFI,Sensitivity and Susceptibility,Sensititre,NA
Resistance & epidemiology of IFI,Sensitivity and Susceptibility,MIC,NA
Resistance & epidemiology of IFI,Sensitivity and Susceptibility,In vitro,NA
Resistance & epidemiology of IFI,Sensitivity and Susceptibility,e-tests,NA
Resistance & epidemiology of IFI,Sensitivity and Susceptibility,Broth dilution method,NA
Resistance & epidemiology of IFI,Sensitivity and Susceptibility,EUCAST,NA
NA,Cost effectiveness,Cost effectiveness,NA
NA,Cost effectiveness,Reimbursement,NA
NA,Other Antifungals,"Amphotericin B, Liposomal AmpB",NA
NA,Other Antifungals,All other azoles,NA
NA,Other Antifungals,Echinocandins,NA
NA,Clinical Study,"Study, Trial, Proposal, Project, Site",NA
NA,COVID-19,"COVID-19, coronavirus, pandemic, virus, Sars-COV2",NA
NA,Antifungal Stewardship,"Antifungal stewardship, AMS",NA
NA,Guidelines,"Guidelines, ECMM, criteria, consensus, definition, ECIL",
