KIT Description,Insight Category,Search Term 1,Search Term 2
NA,NA,Ceftazidime-Avibactam,NA
NA,NA,Zavicefta,NA
NA,NA,CAZ,NA
NA,NA,Avibactam,NA
NA,NA,-,NA
Differentiation of Zavicefta versus Competitors,Competitors,Colistin,NA
Differentiation of Zavicefta versus Competitors,Competitors,Polymyxin B,NA
Differentiation of Zavicefta versus Competitors,Competitors,Ceftolozane Tazobactam,NA
Differentiation of Zavicefta versus Competitors,Competitors,Ceftolozane Tazobactam,NA
Differentiation of Zavicefta versus Competitors,Competitors,Cefiderocol,NA
Differentiation of Zavicefta versus Competitors,Competitors,Cefiderocol,NA
Differentiation of Zavicefta versus Competitors,Competitors,Meropenem,NA
Differentiation of Zavicefta versus Competitors,Competitors,Imipenem Cilastin,NA
Differentiation of Zavicefta versus Competitors,Competitors,Imipenem Cilastin,NA
Differentiation of Zavicefta versus Competitors,Competitors,Imipenem Cilastin,NA
Differentiation of Zavicefta versus Competitors,Competitors,Piperacillin Tazobactam,NA
Differentiation of Zavicefta versus Competitors,Competitors,Piperacillin Tazobactam,NA
Differentiation of Zavicefta versus Competitors,Competitors,Azithromycin,NA
Differentiation of Zavicefta versus Competitors,Competitors,"Meropenem Vaborbactam, Vaborem",NA
Differentiation of Zavicefta versus Competitors,Competitors,Fosfomycin,NA
Differentiation of Zavicefta versus Competitors,Competitors,Relebactam,NA
Differentiation of Zavicefta versus Competitors,Competitors,Cefepime Sulbactam,NA
Differentiation of Zavicefta versus Competitors,Competitors,Carbapenem,NA
Differentiation of Zavicefta versus Competitors,Preferred Therapy,,"Ceftazidime-Avibactam, Zavicefta, CAZ, Avibactam, -"
Differentiation of Zavicefta versus Competitors,Preferred Therapy,,"Ceftazidime-Avibactam, Zavicefta, CAZ, Avibactam, -"
Differentiation of Zavicefta versus Competitors,Preferred Therapy,,"Ceftazidime-Avibactam, Zavicefta, CAZ, Avibactam, -"
Differentiation of Zavicefta versus Competitors,Preferred Therapy,,"Ceftazidime-Avibactam, Zavicefta, CAZ, Avibactam, -"
Differentiation of Zavicefta versus Competitors,Preferred Therapy,,"Ceftazidime-Avibactam, Zavicefta, CAZ, Avibactam, -"
Differentiation of Zavicefta versus Competitors,Preferred Therapy,,"Ceftazidime-Avibactam, Zavicefta, CAZ, Avibactam, -"
Differentiation of Zavicefta versus Competitors,Preferred Therapy,,"Ceftazidime-Avibactam, Zavicefta, CAZ, Avibactam, -"
Differentiation of Zavicefta versus Competitors,Preferred Therapy,,"Ceftazidime-Avibactam, Zavicefta, CAZ, Avibactam, -"
Differentiation of Zavicefta versus Competitors,Preferred Therapy,,"Ceftazidime-Avibactam, Zavicefta, CAZ, Avibactam, -"
Differentiation of Zavicefta versus Competitors,Preferred Therapy,,"Ceftazidime-Avibactam, Zavicefta, CAZ, Avibactam, -"
Differentiation of Zavicefta versus Competitors,Preferred Therapy,,"Ceftazidime-Avibactam, Zavicefta, CAZ, Avibactam, -"
Differentiation of Zavicefta versus Competitors,Preferred Therapy,,"Ceftazidime-Avibactam, Zavicefta, CAZ, Avibactam, -"
Differentiation of Zavicefta versus Competitors,Preferred Therapy,,"Ceftazidime-Avibactam, Zavicefta, CAZ, Avibactam, -"
Differentiation of Zavicefta versus Competitors,Preferred Therapy,,"Ceftazidime-Avibactam, Zavicefta, CAZ, Avibactam, -"
Differentiation of Zavicefta versus Competitors,Preferred Therapy,,"Ceftazidime-Avibactam, Zavicefta, CAZ, Avibactam, -"
Differentiation of Zavicefta versus Competitors,Preferred Therapy,,"Ceftazidime-Avibactam, Zavicefta, CAZ, Avibactam, -"
Differentiation of Zavicefta versus Competitors,Preferred Therapy,,"Ceftazidime-Avibactam, Zavicefta, CAZ, Avibactam, -"
Differentiation of Zavicefta versus Competitors,Preferred Therapy,,"Ceftazidime-Avibactam, Zavicefta, CAZ, Avibactam, -"
Differentiation of Zavicefta versus Competitors,Pharmacokinetics,Pharmacokinetics,"Ceftazidime-Avibactam, Zavicefta, CAZ, Avibactam, -"
Differentiation of Zavicefta versus Competitors,Pharmacokinetics,Infusion,"Ceftazidime-Avibactam, Zavicefta, CAZ, Avibactam, -"
Differentiation of Zavicefta versus Competitors,Pharmacokinetics,Continuous,"Ceftazidime-Avibactam, Zavicefta, CAZ, Avibactam, -"
Differentiation of Zavicefta versus Competitors,Pharmacokinetics,Prolonged,"Ceftazidime-Avibactam, Zavicefta, CAZ, Avibactam, -"
Differentiation of Zavicefta versus Competitors,Pharmacokinetics,Extended,"Ceftazidime-Avibactam, Zavicefta, CAZ, Avibactam, -"
Differentiation of Zavicefta versus Competitors,Pharmacokinetics,Longer,"Ceftazidime-Avibactam, Zavicefta, CAZ, Avibactam, -"
Differentiation of Zavicefta versus Competitors,Pharmacokinetics,Loading dose,"Ceftazidime-Avibactam, Zavicefta, CAZ, Avibactam, -"
Establish the role of Zavicefta in documented as well as empirical therapy,Empirical therapy,Empirical therapy,"Ceftazidime-Avibactam, Zavicefta, CAZ, Avibactam, -"
Establish the role of Zavicefta in documented as well as empirical therapy,Targeted treatment,Targeted,"Ceftazidime-Avibactam, Zavicefta, CAZ, Avibactam, -"
Establish the role of Zavicefta in documented as well as empirical therapy,Sensitivity and Susceptibility,Gram negative,"Ceftazidime-Avibactam, Zavicefta, CAZ, Avibactam, -"
Establish the role of Zavicefta in documented as well as empirical therapy,Sensitivity and Susceptibility,Metallo-beta lactamases,"Ceftazidime-Avibactam, Zavicefta, CAZ, Avibactam, -"
Establish the role of Zavicefta in documented as well as empirical therapy,Sensitivity and Susceptibility,Metallo-beta lactamases,"Ceftazidime-Avibactam, Zavicefta, CAZ, Avibactam, -"
Establish the role of Zavicefta in documented as well as empirical therapy,Sensitivity and Susceptibility,Carbapenem Resistant Enterobacteriaceae,"Ceftazidime-Avibactam, Zavicefta, CAZ, Avibactam, -"
Establish the role of Zavicefta in documented as well as empirical therapy,Sensitivity and Susceptibility,Carbapenem Resistant Enterobacteriaceae,"Ceftazidime-Avibactam, Zavicefta, CAZ, Avibactam, -"
Establish the role of Zavicefta in documented as well as empirical therapy,Sensitivity and Susceptibility,OXA 48,"Ceftazidime-Avibactam, Zavicefta, CAZ, Avibactam, -"
Establish the role of Zavicefta in documented as well as empirical therapy,Sensitivity and Susceptibility,NDM,"Ceftazidime-Avibactam, Zavicefta, CAZ, Avibactam, -"
Establish the role of Zavicefta in documented as well as empirical therapy,Sensitivity and Susceptibility,KPC,"Ceftazidime-Avibactam, Zavicefta, CAZ, Avibactam, -"
Establish the role of Zavicefta in documented as well as empirical therapy,Sensitivity and Susceptibility,ESBL,"Ceftazidime-Avibactam, Zavicefta, CAZ, Avibactam, -"
Establish the role of Zavicefta in documented as well as empirical therapy,Sensitivity and Susceptibility,Beta lactamases,"Ceftazidime-Avibactam, Zavicefta, CAZ, Avibactam, -"
Establish the role of Zavicefta in documented as well as empirical therapy,Sensitivity and Susceptibility,VIM,"Ceftazidime-Avibactam, Zavicefta, CAZ, Avibactam, -"
Establish the role of Zavicefta in documented as well as empirical therapy,Sensitivity and Susceptibility,Klebsiella pneumoniae,"Ceftazidime-Avibactam, Zavicefta, CAZ, Avibactam, -"
Establish the role of Zavicefta in documented as well as empirical therapy,Sensitivity and Susceptibility,Klebsiella pneumoniae,"Ceftazidime-Avibactam, Zavicefta, CAZ, Avibactam, -"
Establish the role of Zavicefta in documented as well as empirical therapy,Sensitivity and Susceptibility,Pseudomonas aeruginosa,"Ceftazidime-Avibactam, Zavicefta, CAZ, Avibactam, -"
Establish the role of Zavicefta in documented as well as empirical therapy,Sensitivity and Susceptibility,Pseudomonas aeruginosa,"Ceftazidime-Avibactam, Zavicefta, CAZ, Avibactam, -"
Establish the role of Zavicefta in documented as well as empirical therapy,Sensitivity and Susceptibility,Multidrug Resistant,"Ceftazidime-Avibactam, Zavicefta, CAZ, Avibactam, -"
Establish the role of Zavicefta in documented as well as empirical therapy,Sensitivity and Susceptibility,Multidrug Resistant,"Ceftazidime-Avibactam, Zavicefta, CAZ, Avibactam, -"
Establish the role of Zavicefta in documented as well as empirical therapy,Sensitivity and Susceptibility,Acinetobacter,"Ceftazidime-Avibactam, Zavicefta, CAZ, Avibactam, -"
Establish the role of Zavicefta in documented as well as empirical therapy,Sensitivity and Susceptibility,Burkholderia cepacia,"Ceftazidime-Avibactam, Zavicefta, CAZ, Avibactam, -"
Establish the role of Zavicefta in documented as well as empirical therapy,Sensitivity and Susceptibility,AmpC,"Ceftazidime-Avibactam, Zavicefta, CAZ, Avibactam, -"
Establish the role of Zavicefta in documented as well as empirical therapy,Sensitivity and Susceptibility,VITEK test,"Ceftazidime-Avibactam, Zavicefta, CAZ, Avibactam, -"
Establish the role of Zavicefta in documented as well as empirical therapy,Sensitivity and Susceptibility,e-strip,"Ceftazidime-Avibactam, Zavicefta, CAZ, Avibactam, -"
Establish the role of Zavicefta in documented as well as empirical therapy,Sensitivity and Susceptibility,e-test,"Ceftazidime-Avibactam, Zavicefta, CAZ, Avibactam, -"
Establish the role of Zavicefta in documented as well as empirical therapy,Sensitivity and Susceptibility,Swab,"Ceftazidime-Avibactam, Zavicefta, CAZ, Avibactam, -"
Establish the role of Zavicefta in documented as well as empirical therapy,Sensitivity and Susceptibility,Antibiogram,"Ceftazidime-Avibactam, Zavicefta, CAZ, Avibactam, -"
Establish the role of Zavicefta in documented as well as empirical therapy,Sensitivity and Susceptibility,Minimum Inhibitory Concentration,"Ceftazidime-Avibactam, Zavicefta, CAZ, Avibactam, -"
Establish the role of Zavicefta in documented as well as empirical therapy,Sensitivity and Susceptibility,Diffuse disk,"Ceftazidime-Avibactam, Zavicefta, CAZ, Avibactam, -"
Establish the role of Zavicefta in documented as well as empirical therapy,Sensitivity and Susceptibility,"EUCAST, BrCAST","Ceftazidime-Avibactam, Zavicefta, CAZ, Avibactam, -"
Establish the role of Zavicefta in documented as well as empirical therapy,Sensitivity and Susceptibility,Rapid test,"Ceftazidime-Avibactam, Zavicefta, CAZ, Avibactam, -"
Establish the role of Zavicefta in documented as well as empirical therapy,Sensitivity and Susceptibility,Lateral Flow Technique,"Ceftazidime-Avibactam, Zavicefta, CAZ, Avibactam, -"
Establish the role of Zavicefta in documented as well as empirical therapy,Sensitivity and Susceptibility,"Microdilution, Broth Dilution","Ceftazidime-Avibactam, Zavicefta, CAZ, Avibactam, -"
Establish the role of Zavicefta in documented as well as empirical therapy,Sensitivity and Susceptibility,Polymerase Chain Reaction,"Ceftazidime-Avibactam, Zavicefta, CAZ, Avibactam, -"
Establish the role of Zavicefta in documented as well as empirical therapy,Sensitivity and Susceptibility,Breakpoint,"Ceftazidime-Avibactam, Zavicefta, CAZ, Avibactam, -"
Establish the role of Zavicefta in documented as well as empirical therapy,Sensitivity and Susceptibility,"SensiTitre, Sensitivity","Ceftazidime-Avibactam, Zavicefta, CAZ, Avibactam, -"
Establish the role of Zavicefta in documented as well as empirical therapy,Sensitivity and Susceptibility,Susceptibility,"Ceftazidime-Avibactam, Zavicefta, CAZ, Avibactam, -"
Usage of Zavicefta in the real world,Patient Profile,Pneumonia,"Ceftazidime-Avibactam, Zavicefta, CAZ, Avibactam, -"
Usage of Zavicefta in the real world,Patient Profile,Pneumonia,"Ceftazidime-Avibactam, Zavicefta, CAZ, Avibactam, -"
Usage of Zavicefta in the real world,Patient Profile,Pneumonia,"Ceftazidime-Avibactam, Zavicefta, CAZ, Avibactam, -"
Usage of Zavicefta in the real world,Patient Profile,Pneumonia,"Ceftazidime-Avibactam, Zavicefta, CAZ, Avibactam, -"
Usage of Zavicefta in the real world,Patient Profile,COVID,"Ceftazidime-Avibactam, Zavicefta, CAZ, Avibactam, -"
Usage of Zavicefta in the real world,Patient Profile,Intraabdominal Infections,"Ceftazidime-Avibactam, Zavicefta, CAZ, Avibactam, -"
Usage of Zavicefta in the real world,Patient Profile,Intraabdominal Infections,"Ceftazidime-Avibactam, Zavicefta, CAZ, Avibactam, -"
Usage of Zavicefta in the real world,Patient Profile,Intraabdominal Infections,"Ceftazidime-Avibactam, Zavicefta, CAZ, Avibactam, -"
Usage of Zavicefta in the real world,Patient Profile,Intraabdominal Infections,"Ceftazidime-Avibactam, Zavicefta, CAZ, Avibactam, -"
Usage of Zavicefta in the real world,Patient Profile,Urinary Tract Infections,"Ceftazidime-Avibactam, Zavicefta, CAZ, Avibactam, -"
Usage of Zavicefta in the real world,Patient Profile,Urinary Tract Infections,"Ceftazidime-Avibactam, Zavicefta, CAZ, Avibactam, -"
Usage of Zavicefta in the real world,Patient Profile,Urinary Tract Infections,"Ceftazidime-Avibactam, Zavicefta, CAZ, Avibactam, -"
Usage of Zavicefta in the real world,Patient Profile,Bacteremia/Bacteraemia,"Ceftazidime-Avibactam, Zavicefta, CAZ, Avibactam, -"
Usage of Zavicefta in the real world,Patient Profile,Bacteremia/Bacteraemia,"Ceftazidime-Avibactam, Zavicefta, CAZ, Avibactam, -"
Usage of Zavicefta in the real world,Patient Profile,Limited Treatment Options,"Ceftazidime-Avibactam, Zavicefta, CAZ, Avibactam, -"
Usage of Zavicefta in the real world,Patient Profile,Sepsis/ Septic shock/ Shock,"Ceftazidime-Avibactam, Zavicefta, CAZ, Avibactam, -"
Usage of Zavicefta in the real world,Patient Profile,ECMO,"Ceftazidime-Avibactam, Zavicefta, CAZ, Avibactam, -"
Usage of Zavicefta in the real world,Patient Profile,ECMO,"Ceftazidime-Avibactam, Zavicefta, CAZ, Avibactam, -"
Usage of Zavicefta in the real world,Patient Profile,Cystic Fibrosis,"Ceftazidime-Avibactam, Zavicefta, CAZ, Avibactam, -"
Usage of Zavicefta in the real world,Patient Profile,Cystic Fibrosis,"Ceftazidime-Avibactam, Zavicefta, CAZ, Avibactam, -"
Usage of Zavicefta in the real world,Patient Profile,Hepatic,"Ceftazidime-Avibactam, Zavicefta, CAZ, Avibactam, -"
Usage of Zavicefta in the real world,Patient Profile,Renal,"Ceftazidime-Avibactam, Zavicefta, CAZ, Avibactam, -"
Usage of Zavicefta in the real world,Patient Profile,Toxic,"Ceftazidime-Avibactam, Zavicefta, CAZ, Avibactam, -"
Usage of Zavicefta in the real world,Patient Profile,Hematology,"Ceftazidime-Avibactam, Zavicefta, CAZ, Avibactam, -"
Usage of Zavicefta in the real world,Patient Profile,Immunocompromised,"Ceftazidime-Avibactam, Zavicefta, CAZ, Avibactam, -"
Usage of Zavicefta in the real world,Patient Profile,Neutropenic/Neutropenia/Febrile Neutropenia,"Ceftazidime-Avibactam, Zavicefta, CAZ, Avibactam, -"
Usage of Zavicefta in the real world,Patient Profile,Pediatric,"Ceftazidime-Avibactam, Zavicefta, CAZ, Avibactam, -"
Usage of Zavicefta in the real world,Patient Profile,Paediatric,"Ceftazidime-Avibactam, Zavicefta, CAZ, Avibactam, -"
Usage of Zavicefta in the real world,Patient Profile,Dialysis,"Ceftazidime-Avibactam, Zavicefta, CAZ, Avibactam, -"
Usage of Zavicefta in the real world,Patient Profile,Continuous renal replacement therapy,"Ceftazidime-Avibactam, Zavicefta, CAZ, Avibactam, -"
Usage of Zavicefta in the real world,Patient Profile,Transplant,"Ceftazidime-Avibactam, Zavicefta, CAZ, Avibactam, -"
Usage of Zavicefta in the real world,Patient Profile,Solid Organ Transplant,"Ceftazidime-Avibactam, Zavicefta, CAZ, Avibactam, -"
Usage of Zavicefta in the real world,Patient Profile,Oncology,"Ceftazidime-Avibactam, Zavicefta, CAZ, Avibactam, -"
Usage of Zavicefta in the real world,Patient Profile,Burn patients,"Ceftazidime-Avibactam, Zavicefta, CAZ, Avibactam, -"
Usage of Zavicefta in the real world,Patient Profile,COPD,"Ceftazidime-Avibactam, Zavicefta, CAZ, Avibactam, -"
Usage of Zavicefta in the real world,Combination,Aztreonam,"Ceftazidime-Avibactam, Zavicefta, CAZ, Avibactam, -"
Usage of Zavicefta in the real world,Combination,Combination,"Ceftazidime-Avibactam, Zavicefta, CAZ, Avibactam, -"
Usage of Zavicefta in the real world,Combination,Addition,"Ceftazidime-Avibactam, Zavicefta, CAZ, Avibactam, -"
Usage of Zavicefta in the real world,Combination,Plus,"Ceftazidime-Avibactam, Zavicefta, CAZ, Avibactam, -"
NA,Formulation,In-use stability,NA
NA,Formulation,In-use stability,NA
NA,Formulation,Nebulization,NA
NA,OPAT,"Outpatient Antibiotic Therapy, Home",
NA,Cost Effectiveness,Reimbursement,"Ceftazidime-Avibactam, Zavicefta, CAZ, Avibactam, -"
NA,Cost Effectiveness,Cost effective,"Ceftazidime-Avibactam, Zavicefta, CAZ, Avibactam, -"
NA,Cost Effectiveness,Expensive,"Ceftazidime-Avibactam, Zavicefta, CAZ, Avibactam, -"
NA,Cost Effectiveness,Insurance,"Ceftazidime-Avibactam, Zavicefta, CAZ, Avibactam, -"
NA,Availability,Accessibility,"Ceftazidime-Avibactam, Zavicefta, CAZ, Avibactam, -"
NA,Availability,Availability,"Ceftazidime-Avibactam, Zavicefta, CAZ, Avibactam, -"
NA,Availability,Out of Stock,"Ceftazidime-Avibactam, Zavicefta, CAZ, Avibactam, -"
NA,Antimicrobial stewardship,"Antimicrobial stewardship, AMS",NA
NA,AMR,Antimicrobial resistance,NA
NA,Clinical Study,"Study, Trial, Proposal, Project, Site",NA
NA,COVID-19,"COVID-19, coronavirus, pandemic, virus, Sars-COV2",NA
NA,Epidemiology,Gram negative,NA
NA,Epidemiology,Metallo-beta lactamases,NA
NA,Epidemiology,Metallo-beta lactamases,NA
NA,Epidemiology,Carbapenem Resistant Enterobacteriaceae,NA
NA,Epidemiology,Carbapenem Resistant Enterobacteriaceae,NA
NA,Epidemiology,OXA-48,NA
NA,Epidemiology,NDM,NA
NA,Epidemiology,KPC,NA
NA,Epidemiology,ESBL,NA
NA,Epidemiology,Beta lactamases,NA
NA,Epidemiology,VIM,NA
NA,Epidemiology,Klebsiella pneumoniae,NA
NA,Epidemiology,Klebsiella pneumoniae,NA
NA,Epidemiology,Pseudomonas aeruginosa,NA
NA,Epidemiology,Pseudomonas aeruginosa,NA
NA,Epidemiology,Multidrug Resistant,NA
NA,Epidemiology,Multidrug Resistant,NA
NA,Epidemiology,Acinetobacter,NA
NA,Epidemiology,Burkholderia cepacia,NA
NA,Epidemiology,AmpC,NA
NA,Guidelines,Guidelines/Guidance,NA
NA,Guidelines,IDSA guidelines,NA
