Key Information Topic,Insight Category,Important Insights
Awareness & diagnosis of invasive fungal infections (IFI),Awareness,High awareness/suspicion of CAPA and CAM is required amongst physicians to plan detection and initiate early treatment for better outcomes in COVID-19 patients
Awareness & diagnosis of invasive fungal infections (IFI),Diagnosis,A query was raised whether routine use of azole prophylaxis influences the sensitivity and specificity of GM test and Aspergillus PCR
Awareness & diagnosis of invasive fungal infections (IFI),Diagnosis,It is important to consider taking sample for BAL from lower airway where it is more likely to find Aspergillus rather than upper airway sample which could be contaminated by Candida. 
Awareness & diagnosis of invasive fungal infections (IFI),Diagnosis,"Diagnosis for CAPA: 
1. Beta-D-Glucan not reliable, consider biomarkers as per Koehler et al 2020
2. Tracheal aspirate instead of BAL samples reduce the quality of the sample
3. Radiological imaging (CT halo sign) should be considered wherever diagnostic tests not possible.
4. There are no clear guideline to differentiate between radiological features for CAPA and COVID-19 pneumonia"
Awareness & diagnosis of invasive fungal infections (IFI),Diagnosis,Challenges to distinguish between diagnosis for Tuberculosis and Aspergillosis in non-neutropenic patients
"Isavuconazole Life Cycle:
Indications, Populations & Formulation",Combination antifungal therapy,Isavuconazole plus Amphotericin B combination used for treatment of post COVID-19 induced mucromycosis
"Isavuconazole Life Cycle:
Indications, Populations & Formulation",Formulation,"Due to rise in CAPA cases, use of Cresemba capsules have decreased whereas use of IV Cresemba has increased. "
"Isavuconazole Life Cycle:
Indications, Populations & Formulation",Formulation,Mucormycosis patients given loading dose for IV Cresemba and then switched to oral capsules to reduce economic burden. 
"Isavuconazole Life Cycle:
Indications, Populations & Formulation",Formulation,"Potential development of oral suspension for Isavuconazole to enable feeding by enteral tubes
Potential development of an inhalation formulation for better targetting of tissues"
"Isavuconazole Life Cycle:
Indications, Populations & Formulation",Patient Outcomes,Two therapeutic failures seen after isavuconazole administration in GvHD patients:Case 1 with IA and Case 2 with undiagnosed fungal infection.
"Isavuconazole Life Cycle:
Indications, Populations & Formulation",Preferred Therapy,"Isavuconazole or Amphotericin B preferred for treatment of CAPA, Isavuconazole preferred over voriconazole due to better safety profile and comparable efficacy"
"Isavuconazole Life Cycle:
Indications, Populations & Formulation",Preferred Therapy,Voriconazole preferred over isavuconazole since DDIs experienced with Voriconazole are known and manageable rather than dealing with Isavuconazole with which they have no experience at all.
"Isavuconazole Life Cycle:
Indications, Populations & Formulation",Preferred Therapy,Isavuconazole preferred over Amphotericin B for treatment of Mucormycosis due to nephrotoxicity issues with AmpB
"Isavuconazole Life Cycle:
Indications, Populations & Formulation",Use in other/new indication,"Potential use of Isavuconazole for:
1. CNS aspergillosis cases
2. Pediatric hematological cases with IFIs
3. Secondary prophylaxis (treatment of breakthrough IFIs when on other azoles) for hematological patients
4. S.capitata (rare fungus) infections in hematological patients"
Resistance & epidemiology of IFI,C.auris,Increasing incidence of Candida auris observed in patients who have prolonged ICU stay or deep lymphopenia due to a severe viral infection
Resistance & epidemiology of IFI,Epidemiology,"Risk factors for IFI: Ibrutinib (TKI) use in CLL patients, Newer Biological Agents, anti-TNF drugs, Viral infections (CMV, influenza, COVID), advance cirrhosis and COPD"
Resistance & epidemiology of IFI,Epidemiology,COPD/Chronic lung disease is a risk factor for development of CAPA
Resistance & epidemiology of IFI,Epidemiology,"Reasons for lower incidence of CAPA in Swiss hospitals vs no. of cases in literature  
1. Diagnostic bias (missed CAPA cases in first wave due to reluctance to test BAL/tracheal aspirate/sputum samples)
2. Irrational use of steroids and tocilizumab
3. Improved air quality in dedicated ICUs vs air quality in wards that are transformed into ICUs"
Resistance & epidemiology of IFI,Epidemiology,Tocilizumab a risk factor for CAPA as it blocks the T cell response pathway to fungal pathogens
Resistance & epidemiology of IFI,Epidemiology,High incidence of mixed fungal infections (zygomycetes and phaeoid fungi) on rise post COVID-19 which are managed through combination therapy.
Resistance & epidemiology of IFI,Epidemiology,Obesity plus CAPA increases the risk of mortality
Resistance & epidemiology of IFI,Epidemiology,High incidence of mucormycosis (due to high steroid use) and invasive candidiasis post COVID infection
Resistance & epidemiology of IFI,Resistance,Emergence of multi-triazole resistant Aspergillosis causing CAPA/IA
Resistance & epidemiology of IFI,Sensitivity and Susceptibility,Crystallographic methods help us identify why posaconazole is more effective in vitro against mucoromycetes than isavuconazole.
Safety and PK of antifungals,Drug Drug Interactions,"Isavuconazole preferred as anti-fungal for co-administration in patients taking
1. Ibrutinib/Imatinib/Venetoclax/Midastaurin (hematological patients)
2. Immunosuppressant drugs (SOT patients)
3. Cyclosporin/Tacrolimus/Sirolimus (HSCT patients)"
Safety and PK of antifungals,Drug Drug Interactions,"Voriconazole or Isavuconazole can be administered in patients on steroids or Remdesivir for COVID patients, However while administering Vori plus Remdes, monitoring should be considered for accumulation of SBECD"
Safety and PK of antifungals,Drug Drug Interactions,No toxicity observed with administration of isavuconazole with Ibrutinib (full dose of 560 mg) for 1 week.
Safety and PK of antifungals,Drug Drug Interactions,Isavuconazole preferred over voriconazole when amiodarone used in COVID patients
Safety and PK of antifungals,Pharmacokinetics,50% dose reduction of venetoclax is required while co-administering with Isavuconazole. The dose reduction is much higher with other antifungals
Safety and PK of antifungals,Pharmacokinetics,Additional data is required on dosage of isavuconazole when used prophylactically with Bruton's TKIs
Safety and PK of antifungals,Pharmacokinetics,Additional data is required to know therapeutic window of isavuconazole in pediatrics patients to understant upper toxicity limit.
Safety and PK of antifungals,Safety,Nephrotoxicity caused by antifungals in COVID-19 patients (who may already have compromised renal function) does not guide the choice of therapy as physicians are experienced to handle this side effect.
Safety and PK of antifungals,Therapeutic Drug Monitoring,TDM is required for Isavuconazole when administered in patients on ECMO therapy
Safety and PK of antifungals,Therapeutic Drug Monitoring,Isavuconazole is preferred over vcoriconazole as voriconazole requires TDM (TDM helps decrease toxic levels but does not altogether avoid it)
Safety and PK of antifungals,Therapeutic Drug Monitoring,"Currently MALDI method established for TDM, but a newer approach for enzyme immunoassay technique for TDM could be a faster and easier approach."
NA,Alternative Therapy,Potential use of deferoxamine for treatment of mucormycosis (reducing the ferritin load) in absence of availability of other azoles.
NA,Guidelines,"As per treatment options for CAPA (ECMM/ISHAM guidelines), Isavuconazole is very well positioned since:
1. Ampho B has nephrotoxicity and COVID-19 has renal tropism 
2. Voriconazole has many drug drug interactions. 
3. Use of remdesivir requires monitoring of hepatic function."
NA,Other antifungals,Potential role of IL-4 antagonists in treatment of aspergillus lung infections
