Key Information Topic,Insight Category,Important Insights
Differentiation of Zavicefta versus Competitors,Competitors,"Insights for Cefiderocol:
1. Development of resistance seen for GN and MBLs
2. Studies ongoing for activity against Acinetobacter and CR-Acinetobacter
3. Evidence of good biofilm effectiveness for Pseudomonas in vitro, MIC90 lower than other antibiotics.
4. Challenges seen during invitro testing of cefiderocol by disc diffusion method (should the distinct colonies growing within the inhibition zone be ignored while measuring the diameter?)"
Differentiation of Zavicefta versus Competitors,Competitors,Cefepime/tazobactam considered to have very little clinical relevance.
Differentiation of Zavicefta versus Competitors,Competitors,Meropenem/Vaborbactam and Imipenem/relebactam are not considered to be good therapeutic options for Pseudomonas
Differentiation of Zavicefta versus Competitors,Pharmacokinetics,Potential use of infusion longer than 2 hrs for Zavicefta (it's a challenges in pediatric population who need to be kept on 2 venous routes)
Differentiation of Zavicefta versus Competitors,Pharmacokinetics,Drug wastage observed during use of Zavicefta in end stage/hemodialysis patients
Differentiation of Zavicefta versus Competitors,Pharmacokinetics,"More information requested on treatment of P.aeruginosa induced pneumonia
1. Css and dosing recommendations for Zavicefta in critically ill patients who are undergoing CVVH
2. Pharmacodynamics of Zavicefta against extracellular and intracellular forms of P.aeruginosa."
Differentiation of Zavicefta versus Competitors,Pharmacokinetics,Information required on dosage of Zavicefta in patients on ECMO
Differentiation of Zavicefta versus Competitors,Pharmacokinetics,Potential use of loading doses and extended infusions with Zavicefta-any data available?
Differentiation of Zavicefta versus Competitors,Pharmacokinetics,No issues reported with use of Zavicefta in RI patients on CRRT: eGFR is calculated on exchange fluid which provides a normal dosage recommendation.
Differentiation of Zavicefta versus Competitors,Pharmacokinetics,Detection of Zavicefta levels in CSF is important for CNS infections caused by CRE.
Differentiation of Zavicefta versus Competitors,Pharmacokinetics,Data has been requested on whether Zavicefta could have an advantage over meropenem on intestinal microbiota
Differentiation of Zavicefta versus Competitors,Pharmacokinetics,"Recommedation to use Zavicefta as a continuous infusion due to the time-dependence characteristic of beta-lactams. 
It was also recommended to administer Zavicefta in continuous infusion or extended infusion (TDM over 4 mg/L at the site of infection is important)"
Differentiation of Zavicefta versus Competitors,Pharmacokinetics,Development of an algorithm to understand the real PK/PD of antibiotics in different difficult clinical situation. (Radiological tagging of Avibactam to under ADME and decide the right dosage to right patient) 
Differentiation of Zavicefta versus Competitors,Pharmacokinetics,Zavicefta administered in a young patient (HAP due to MDR P. aeruginosa and augmented renal clearance) every 6 hrs since TDM revealed low avibactam levels for 30 days. Patient recovered. 
Differentiation of Zavicefta versus Competitors,Preferred therapy,"1. Colistin in combination remains the first line therapy in CR-GNB infections. 
2. Colistin is the preferred broad spectrum use antibiotic 
3. Reluctance to use Zavicefta over colistin for XDR Pseudomonas, a comparative study recommended in CR Pseudomonas as well as CR enterobacteria. "
Differentiation of Zavicefta versus Competitors,Preferred therapy,Zavicefta preferred over Zerbaxa for use against MDR P.aeruginosa mainly due to PK/PD and spectrun of activity. 
Differentiation of Zavicefta versus Competitors,Preferred therapy,"Recommendations for the treatment of IAI:
1. Empiric therapy of Zavicefta plus metronidazole in adults (reserve this regimen for higher-risk patients [KPC-producing Enterobacteriaceae]) 
2. Empiric use of a broad-spectrum carbapenem (or Zavicefta) in patient at risk with Amp C-producing Enterobacteriaceae.
3. Empiric combination therapy of a carbapenem (or Zavicefta) with aminoglycoside, or polymyxin, and/or tigecycline for patients with CRE.  "
Differentiation of Zavicefta versus Competitors,Preferred therapy,"1. Zavicefta develops resistance faster as compared to meropenem-vaborbactam and should be used in combination for severe infections
2. Zerbaxa preferred over Zavicefta for pseudomonal infections since OXA-48 is not observed in these. "
Differentiation of Zavicefta versus Competitors,Preferred therapy,KPC-producing Enterobacterales resistant to Zavicefta are sensitive to meropenem. Potential use of aztreonam-avibactam for KPC causing infections. 
Differentiation of Zavicefta versus Competitors,Preferred therapy,Zerbaxa preferred over cefiderocol as first line therapy for MDR Pseudomonas.
Differentiation of Zavicefta versus Competitors,Preferred therapy,Cephalosporines preferred over carbapenems due to lower ecological impact.
Differentiation of Zavicefta versus Competitors,Preferred therapy,Meropenem/Vaborbactam would be the drug of choice for treatment of MDR infections in critically ill patients and in pneumonia due to drug penetration.
Differentiation of Zavicefta versus Competitors,Preferred therapy,"Emergence of MDR pseudomonas resistant to both Zavicefta and Zerbaxa. 
Emergence of Zavicefta resistance for carbapenemase-producing K.pneumonia, not sure of the enzyme.  "
Differentiation of Zavicefta versus Competitors,Sensitivity and Susceptibility,"1. P. aeruginosa MICs for Zerbaxa are better than Zavicefta due to AmpC
2. But Zavicefta preferred over Zerbaxa in Amp-C producing strains of MDR pseudomonas"
Differentiation of Zavicefta versus Competitors,Sensitivity and Susceptibility,Zavicefta resistant KPC K.pneumonia reverses the sensitivity to imipenem 
Differentiation of Zavicefta versus Competitors,Sensitivity and Susceptibility,Use of Zavicefta reserved for KPC producers rather than carbapenemase producers.
Differentiation of Zavicefta versus Competitors,Sensitivity and Susceptibility,"Zavicefta preferred for use in OXA-48 infections, need more studies to confirm use for CRE infections."
Differentiation of Zavicefta versus Competitors,Sensitivity and Susceptibility,Imipenem-relebactam has higher activity as compared to Zavicefta for Pseudomonas spp
Differentiation of Zavicefta versus Competitors,Sensitivity and Susceptibility,Zavicefta not tested in CF patients for Stenotrophomonas (as per CASFM guidance) and Burkholderia
Differentiation of Zavicefta versus Competitors,Sensitivity and Susceptibility,"Zavicefta usage expected to rise after introduction of a new catgeory ""I"" (susceptible at high dose) as per EUCAST."
Differentiation of Zavicefta versus Competitors,Sensitivity and Susceptibility, ICU Pseudomonas is more sensitive to Zerbaxa (over Zavicefta) whereas CF Pseudomonas it's the other way around. 
Differentiation of Zavicefta versus Competitors,Sensitivity and Susceptibility,Zavicefta needs to be tested manually vs Zerbaxa which can be tested automatically on VITEK system.
Differentiation of Zavicefta versus Competitors,Use in other/new indication,"Potential future uses for Zavicefta
1. HAP (in combination with antistaphylococcal and anti-pneumococcal agents) 
2. Skin and soft tissue infections by MDR GNB (eg. diabetic foot infections)."
Differentiation of Zavicefta versus Competitors,Zerbaxa OOS,"Use of Zavicefta (as an alternative to Zerbaxa due to OOS) has a risk of resistance development, preferred use with combination."
Differentiation of Zavicefta versus Competitors,Zerbaxa OOS,No requirement of double dosing regimen for Zavicefta in respiratory indications in contrast to Zerbaxa
Differentiation of Zavicefta versus Competitors,Zerbaxa OOS,"Use of imipenem-relebactam or cefiderocol for MDR pseudomonas due to OOS for Zerbaxa (though susceptible), but resistant to Zavicefta."
Establish the role of Zavicefta in documented as well as empirical therapy,Empiric Therapy,Zavicefta empiric treatment preferred in patients who have been previously treated with carbapenems or were previously colonized by MDR GNB.
Establish the role of Zavicefta in documented as well as empirical therapy,Empiric Therapy,More empiric use of Zavicefta preferred due to Zerbaxa OOS
Establish the role of Zavicefta in documented as well as empirical therapy,Sensitivity and Susceptibility,Zavicefta susceptibility evaluated based on a software update with new BioMeriux cards.
Establish the role of Zavicefta in documented as well as empirical therapy,Sensitivity and Susceptibility,"Zavicefta susceptibility evaluated based on epsilometry results, e-strips/vitek automated system susceptibility cards are not available."
Establish the role of Zavicefta in documented as well as empirical therapy,Sensitivity and Susceptibility,New panels of Phoenix system need to be incorporated to enable Zavicefta susceptibility testing due to non availability of e-strips
Establish the role of Zavicefta in documented as well as empirical therapy,Sensitivity and Susceptibility,MSD funded project: Nex-gen sequencing and artificial intelligence based project to identify transcriptomic patterns to understand resistance or sensitivity to Imipenem-relebactam in a project funded by MSD. Can this approach be 
Establish the role of Zavicefta in documented as well as empirical therapy,Sensitivity and Susceptibility,New VITEK susceptibility card to include Zavicefta.  
Establish the role of Zavicefta in documented as well as empirical therapy,Targeted treatment ,Targeted use of Zavicefta in management of COVID-induced MDR Acinetobacter and KPC plus OXA K.pneumonia.
Establish the role of Zavicefta in documented as well as empirical therapy,Targeted treatment ,Switch to targeted treatment over empiric treatment for treatment of CRE infections due to emergence of resistance to Zavicefta
Usage of Zavicefta in the real world,Combination,Combination use of Zavicefta with aminoglycosides to prevent rapid resistance development
Usage of Zavicefta in the real world,Combination,Colistin combinations preferred for MBL infections over Zavicefta plus aztreonam
Usage of Zavicefta in the real world,Combination,Zavicefta monotherapy is sufficient since combination increases the risk of toxicity.
Usage of Zavicefta in the real world,Combination,More clinical evidence is required regarding use of Zavicefta plus aztreonam against VIM (though in vitro susceptibility is seen)
Usage of Zavicefta in the real world,Combination,Successful use of Zavicefta combination with aztreonam in a patient with NDM-1-Kp bacteriemia
Usage of Zavicefta in the real world,Combination,Zavicefta plus metronidazole is a good alternative for use of meropenems
Usage of Zavicefta in the real world,Combination,"Zavicefta combined with Colistin used in NDM plus OXA blood isolated. 
Tigecycline combined with Colistin to manage NDM alone."
Usage of Zavicefta in the real world,Combination,Potential susceptibility of MDR A.baumanii to Zavicefta plus colistin/Zavicefta plus aztreonam based on in vitro synergy tests
Usage of Zavicefta in the real world,Combination,In vitro synergy reported with Zavicefta and temocillin discs for NDM
Usage of Zavicefta in the real world,Combination,Zavicefta plus fosfomycin to treat MDR GNB infection
Usage of Zavicefta in the real world,Combination,Good results seen with use of Zavicefta combined with Polymyxin B  to treat a patient infected with CR P.aeruginosa for 14 days.
Usage of Zavicefta in the real world,Combination,Zavicefta plus colistin for CR K.pneumonia (where mechanism of resistance is unkown) and MDR A.baumanii.
Usage of Zavicefta in the real world,Patient profile,"Data are needed for use of Zavicefta in critical patients, especially under CVVH, CRRT, obese, renal failure"
Usage of Zavicefta in the real world,Patient profile,Explore new indicators to assess efficacy and safety of Zavicefta for use in patients with renal impairment.
Usage of Zavicefta in the real world,Patient profile,"Zavicefta commonly used to manage MDR pseudomonas infections in CF patients, and as pathogen directed therapy for BSI in non-CF patients."
Usage of Zavicefta in the real world,Patient profile,Zavicefta recommended for severe cases like patients in sepsis or septic shock due to high carbapenem resistance.
Usage of Zavicefta in the real world,Patient profile,Use of Zavicefta in COVID patients in ICU for the management of VAP due to MDR P.aeruginosa is recommended in line with the guidelines as most of isolates are CR.  
Usage of Zavicefta in the real world,Patient profile,Successful use of Zavicefta observed in patient who was operated for perforated viscus where CRE was isolated from abdominal specimens (with colistin sensitivity only sensitivity).
Usage of Zavicefta in the real world,Patient profile,Successful use of Zavicefta plus Fosfomycin (after failure to cefoxitine treatment) in a 65-yr-old patient having othese infection with ESBL for a 12 week period with 4 days of extended perfusion.
Usage of Zavicefta in the real world,Patient profile,Information requested on the clinical impact of Coombs positive after Zavicefta in hematological patients who are transfusion dependent.
NA,Diagnosis,"Molecular tools for diagnosis: GenXpert system, CarbaR cartridges, Metagenomic (more sensitive too), PCR device film array, Fluoroscence assay."
NA,Diagnosis,There is a need to develop molecular tools that aid in faster detection of resistance mechanisms and causative pathogens to initiate early treatment.
NA,Epidemiology,"Epidemiological changes due to pandemic (Higher isolations of Kpc-Kp and Ndm-Kp, increased MBLs in Pseudomonas, extreme resistance in Acinetobacter, increased OXA-48 producing K. pneumoniae)"
NA,Guidelines,ESCMID is developing updated guidelines for the management of MDR gram(-) infections.
NA,Guidelines,Physicians in support of the British Society for Antimicrobial Chemotherapy/Healthcare Infection Society guidelines for use of Zavicefta in management of GNB MDR infections.
NA,OPAT,"Use of Zavicefta for OPAT with elastomeric pumps during 2-hour infusions in patients with complex infections.
Need data on stability of Zavicefta after dilution and in elastomeric pumps."
